id,GLOPAD_ID,PAAX_ID,ActorName,GW_ID,org_region,actor_classification,actor_classification_glopad,other_glopad_id
0,CON_0,CON_0,Bosnia and Herzegovina,346,,Country/State,Country/State,GP-132
1,CON_1,CON_1,Croatia,344,,Country/State,Country/State,GP-141
2,CON_2,CON_2,Germany,255,,Country/State,Country/State,GP-163
3,CON_3,CON_3,United States,2,,Country/State,Country/State,GP-19
4,CON_4,CON_4,Spain,230,,Country/State,Country/State,GP-226
5,IGO_5,IGO_5,European Union,,Europe,Regional IGO,Regional IGO,GP-250
6,CON_7,CON_7,France,220,,Country/State,Country/State,GP-264
7,CON_6,CON_6,Central African Republic,482,,Country/State,Country/State,GP-274
8,IGO_8,IGO_8,UN Security Council,,,International IGO,International IGO,GP-291
9,CON_18,CON_18,Bahrain,692,,Country/State,Country/State,GP-3
10,CON_21,CON_21,Russia,365,,Country/State,Country/State,GP-312
11,CON_20,CON_20,China,710,,Country/State,Country/State,GP-315
12,CON_17,CON_17,Gabon,481,,Country/State,Country/State,GP-338
13,CON_19,CON_19,United Kingdom,200,,Country/State,Country/State,GP-346
14,CON_15,CON_15,Brazil,140,,Country/State,Country/State,GP-347
15,CON_14,CON_14,Slovenia,317,,Country/State,Country/State,GP-349
16,CON_13,CON_13,Namibia,565,,Country/State,Country/State,GP-352
17,CON_12,CON_12,Malaysia,820,,Country/State,Country/State,GP-353
18,CON_11,CON_11,Canada,20,,Country/State,Country/State,GP-355
19,CON_10,CON_10,Netherlands,210,,Country/State,Country/State,GP-36
20,CON_9,CON_9,Argentina,160,,Country/State,Country/State,GP-386
21,CON_16,CON_16,Gambia,420,,Country/State,Country/State,GP-391
22,CON_22,CON_22,Yugoslavia,345,,Country/State,Country/State,GP-406
23,POL_39,POL_39,Unity People’s Party,481,,,Political Party,GP-410
24,POL_40,POL_40,Socialist Union of Gabon,481,,,Political Party,GP-43
25,CON_41,CON_41,Benin,434,,Country/State,Country/State,GP-436
26,CON_44,CON_44,Guinea ,438,,Country/State,Country/State,GP-437
27,CON_42,CON_42,Congo,484,,Country/State,Country/State,GP-438
28,IGO_43,IGO_43,Organization of African Unity,,Africa,Regional IGO,Regional IGO,GP-440
29,POL_38,POL_38,Gabon Association for Socialism,481,,,Political Party,GP-454
30,POL_37,POL_37,Radical Independent Republican Party,481,,,Political Party,GP-459
31,POL_34,POL_34,National Assembly of Foresters,481,,,Political Party,GP-48
32,POL_33,POL_33,Liberal Reform Convention,481,,,Political Party,GP-480
33,POL_32,POL_32,United People’s Party,481,,,Political Party,GP-483
34,POL_31,POL_31,Social Democratic Party,481,,,Political Party,GP-49
35,POL_30,POL_30,Democratic Party of Gabon,481,,,Political Party,GP-491
36,POL_29,POL_29,Democratic Justice Congress,481,,,Political Party,GP-493
37,POL_28,POL_28,Independent Centre Party of Gabon,481,,,Political Party,GP-5
38,POL_27,POL_27,Democratic & Republican Alliance,481,,,Political Party,GP-50
39,POL_26,POL_26,National Recovery Movement,481,,,Political Party,GP-53
40,POL_25,POL_25,African Forum for Reconstruction,481,,,Political Party,GP-535
41,POL_24,POL_24,People’s Socialist Emancipation Movement,481,,,Political Party,GP-536
42,POL_23,POL_23,Progress Party of Gabon,481,,,Political Party,GP-540
43,POL_35,POL_35,Gabon People’s Union,481,,,Political Party,GP-570
44,ENT_46,ENT_46,Abkhazia,372,,,Entity,GP-586
45,CON_45,CON_45,Georgia,372,,Country/State,Country/State,GP-591
46,ENT_47,ENT_47,North Caucasian,365,,,Entity,GP-597
47,IGO_48,IGO_48,Conference on Security and Cooperation in Europe,,Europe,Regional IGO,Regional IGO,GP-599
48,IGO_49,IGO_49,United Nations (General),,,International IGO,International IGO,GP-600
49,COA_51,COA_51,Group of Friends UNSG,,,,State Coalition,GP-616
50,IGO_50,IGO_50,Organization for Security and Cooperation in Europe,,Europe,International IGO,International IGO,GP-624
51,CON_62,CON_62,Tajikistan,702,,Country/State,Country/State,GP-63
52,CON_61,CON_61,Armenia,371,,Country/State,Country/State,GP-64
53,CON_60,CON_60,Moldova,359,,Country/State,Country/State,GP-65
54,CON_59,CON_59,Azerbaijan,373,,Country/State,Country/State,GP-652
55,CON_58,CON_58,Belarus,370,,Country/State,Country/State,GP-672
56,CON_54,CON_54,Uzbekistan,704,,Country/State,Country/State,GP-673
57,CON_56,CON_56,Kazakhstan,705,,Country/State,Country/State,GP-674
58,CON_55,CON_55,Kyrgyzstan,703,,Country/State,Country/State,GP-675
59,IGO_53,IGO_53,Commonwealth of Independent States,,Europe,International IGO,International IGO,GP-676
60,CON_52,CON_52,Ukraine,369,,Country/State,Country/State,GP-677
61,CON_57,CON_57,Turkmenistan,701,,Country/State,Country/State,GP-678
62,IGO_63,IGO_63,CIS Peacekeeping Force,,Europe,Regional IGO,Regional IGO,GP-679
63,IGO_65,IGO_65,High Commission for Refugees,,,International IGO,International IGO,GP-68
64,IGO_64,IGO_64,United Nations Development Programme,,,International IGO,International IGO,GP-680
65,CON_67,CON_67,Haiti,41,,Country/State,Country/State,GP-681
66,IGO_68,IGO_68,Organization of American States,,Americas,Regional IGO,Regional IGO,GP-718
67,OTH_72,OTH_72,All Bodo Students Union,750,,,Civil Society,GP-718
68,ENT_69,ENT_69,Assam,750,,,Entity,GP-750
69,CON_70,CON_70,India,750,,Country/State,Country/State,GP-795
70,OTH_71,OTH_71,BPAC,750,,,Other,GP-796
71,ENT_74,ENT_74,Mizoram,750,,,Entity,GP-8
72,CON_75,CON_75,Iraq,645,,Country/State,Country/State,GP-804
73,CON_79,CON_79,Lebanon,660,,Country/State,Country/State,GP-806
74,CON_78,CON_78,Jordan,663,,Country/State,Country/State,GP-831
75,CON_76,CON_76,Israel,666,,Country/State,Country/State,GP-87
76,CON_77,CON_77,Syrian Arab Republic,652,,Country/State,Country/State,GP-88
77,CON_81,CON_81,Norway,385,,Country/State,Country/State,GP-888
78,CON_82,CON_82,Egypt,651,,Country/State,Country/State,GP-89
79,CON_85,CON_85,Togo,461,,Country/State,Country/State,GP-892
80,CON_86,CON_86,Burkina Faso,439,,Country/State,Country/State,GP-896
81,IGO_87,IGO_87,African Union,,Africa,Regional IGO,Regional IGO,GP-913
82,CON_88,CON_88,Côte d’Ivoire,437,,Country/State,Country/State,GP-917
83,IGO_89,IGO_89,Economic Community of West African States,,Africa,Regional IGO,Regional IGO,GP-918
84,CON_90,CON_90,Nigeria,475,,Country/State,Country/State,GP-95
85,CON_83,CON_83,Liberia,450,,Country/State,Country/State,GP-950
86,OTH_475,OTH_475,International Negotiations Network (INN),,,,Civil Society,GP-972
87,CON_92,CON_92,Senegal,433,,Country/State,Country/State,GP-982
88,CON_91,CON_91,Guinea-Bissau,404,,Country/State,Country/State,GP-984
89,CON_94,CON_94,Ghana,452,,Country/State,Country/State,GP-985
90,CON_93,CON_93,Mali,432,,Country/State,Country/State,GP-990
91,NGO_95,NGO_95,Community of Sant' Egidio,,,,Civil Society,
92,NGO_96,NGO_96,Catholic Church,,,,Civil Society,
93,CON_97,CON_97,Mozambique,541,,Country/State,Country/State,
94,CON_99,CON_99,Sierra Leone,451,,Country/State,Country/State,
95,POL_122,POL_122,BATZARRE ZUTIK (Batzarre),230,,,Political Party,
96,NGO_121,NGO_121,Euskal Herriko Nekazarien Elkartasuna,230,,,Civil Society,
97,POL_115,POL_115,Partido Nacionalista Vasco,230,,,Political Party,
98,NGO_119,NGO_119,Eusko Langileen Alkartasuna,230,,,Civil Society,
99,POL_116,POL_116,Eusko Alkartasuna,230,,,Political Party,
100,POL_114,POL_114,National Unity,230,,,Political Party,
101,NGO_120,NGO_120,Langile Abertzaleen Batzordeak,230,,,Civil Society,
102,NGO_112,NGO_112,STEE-ELIAS,230,,,Civil Society,
103,OTH_101,OTH_101,GOGOA,230,,,Other,
104,NGO_102,NGO_102,Amnistiaren Aldeko Batzordeak,230,,,Civil Society,
105,NGO_103,NGO_103,Senideak,230,,,Civil Society,
106,NGO_104,NGO_104,Bakea Orain (Peace Now),230,,,Civil Society,
107,NGO_105,NGO_105,Gernika Batzordea,230,,,Civil Society,
108,NGO_113,NGO_113,Ezker Sindikalaren Koordinakundea-Coordinadora Unitaria de Izquierda Sindical,230,,,Civil Society,
109,POL_117,POL_117,Izquierda Unida,230,,,Political Party,
110,NGO_111,NGO_111,Ezker Sindikalaren Konbergentzia ,230,,,Civil Society,
111,NGO_110,NGO_110,Elkarri,230,,,Civil Society,
112,NGO_109,NGO_109,Auto-Determinazioren Bilzarrak,230,,,Civil Society,
113,NGO_108,NGO_108,Hiru,230,,,Civil Society,
114,NGO_106,NGO_106,Egizan,230,,,Civil Society,
115,NGO_107,NGO_107,Herria 2000 Eliza (aldizkaria),230,,,Civil Society,
116,POL_130,POL_130,United Somali Party,520,,,Political Party,
117,CON_139,CON_139,Italy,325,,Country/State,Country/State,
118,CON_142,CON_142,Niger,436,,Country/State,Country/State,
119,ENT_409,ENT_409,Guadalcanal Province,940,,,Entity,
120,OTH_853,OTH_853,Guadalcanal Provincial Government,940,,,Other,
121,ENT_413,ENT_413,Malaita Province,940,,,Entity,
122,CON_279,CON_279,Solomon Islands,940,,Country/State,Country/State,
123,CON_146,CON_146,Nepal,790,,Country/State,Country/State,
124,POL_145,POL_145,Communist Party of Nepal (Maoist Centre),790,,,Political Party,
125,POL_149,POL_149,Nepal Sadbhavana Party,790,,,Political Party,
126,POL_148,POL_148,Nepali Congress,790,,,Political Party,
127,POL_147,POL_147,Communist Party of Nepal (Unified Marxist–Leninist),790,,,Political Party,
128,POL_150,POL_150,Nepal Majdoor Kisan Party,790,,,Political Party,
129,POL_154,POL_154,Nepal Workers' and Peasants' Party,790,,,Political Party,
130,POL_153,POL_153,Nepal Socialist Party,790,,,Political Party,
131,POL_151,POL_151,People's Front Nepal,790,,,Political Party,
132,CON_157,CON_157,Chad,483,,Country/State,Country/State,
133,CON_158,CON_158,Sudan,625,,Country/State,Country/State,
134,CON_159,CON_159,Ethiopia,530,,Country/State,Country/State,
135,CON_160,CON_160,Philippines,840,,Country/State,Country/State,
136,NGO_164,NGO_164,Centre for Humanitarian Dialogue,,,,Civil Society,
137,CON_162,CON_162,Indonesia,850,,Country/State,Country/State,
138,OTH_167,OTH_167,Joint Committee on Security Modalities,850,,,Other,
139,OTH_165,OTH_165,Aceh Police,850,,,Other,
140,OTH_166,OTH_166,Joint Committee on Humanitarian Action,850,,,Other,
141,CON_169,CON_169,Ireland,205,,Country/State,Country/State,
142,ENT_170,ENT_170,Northern Ireland,200,,,Entity,
143,CON_171,CON_171,Finland,375,,Country/State,Country/State,
144,CON_173,CON_173,South Sudan,626,,Country/State,Country/State,
145,CON_172,CON_172,Kenya,501,,Country/State,Country/State,
146,CON_174,CON_174,Tanzania,510,,Country/State,Country/State,
147,CON_176,CON_176,Uganda,500,,Country/State,Country/State,
148,CON_179,CON_179,Ecuador,130,,Country/State,Country/State,
149,CON_177,CON_177,Chile,155,,Country/State,Country/State,
150,CON_178,CON_178,Peru,135,,Country/State,Country/State,
151,CON_181,CON_181,Colombia,100,,Country/State,Country/State,
152,GOV_1140,GOV_1140,Medellín,100,,,Government/state,
153,GOV_1141,GOV_1141,Antioquia,100,,,Government/state,
154,NGO_184,NGO_184,Episcopal Conference of Colombia,100,,,Civil Society,
155,POL_187,POL_187,Spanish Socialist Workers Party,230,,,Political Party,
156,CON_306,CON_306,Guatemala ,90,,Country/State,Country/State,
157,POL_191,POL_191,Political Parties,100,,,Political Party,
158,NGO_192,NGO_192,World Council of Indigenous Peoples,,,,Civil Society,
159,NGO_193,NGO_193,Spanish Human Rights Association,230,,,Civil Society,
160,POL_194,POL_194,Revolutionary Worker’s Party,100,,,Political Party,
161,OTH_1143,OTH_1143,National Peace Committee,100,,,Other,
162,NGO_1142,NGO_1142,Civil Society,100,,,Civil Society,
163,OTH_1272,OTH_1272,Episcopalian Conference of Germany and Colombia,,,,Civil Society,
164,NGO_1193,NGO_1193,Indigenous peoples representatives,100,,,Civil Society,
165,OTH_1276,OTH_1276,Exploratory Commission for Peace,100,,,Other,
166,OTH_199,OTH_199,Socialist International,,,,Civil Society,
167,CON_203,CON_203,Cuba,40,,Country/State,Country/State,
168,NGO_201,NGO_201,International Committee of the Red Cross,,,,Civil Society,
169,CON_202,CON_202,Switzerland,225,,Country/State,Country/State,
170,NGO_188,NGO_188,Religious Representatives,100,,,Civil Society,
171,OTH_206,OTH_206,International Community,,,,Other,
172,NGO_1273,NGO_1273,Peasant workers and farmworkers (South of Bolivar),100,,,Civil Society,
173,POL_217,POL_217,Dikwankwetla Party,560,,,Political Party,
174,POL_219,POL_219,Inyandza National Movement,560,,,Political Party,
175,POL_220,POL_220,Labour Party SA,560,,,Political Party,
176,CON_221,CON_221,South Africa,560,,Country/State,Country/State,
177,POL_218,POL_218,Intando Yesizwe Party,560,,,Political Party,
178,ENT_216,ENT_216,Transkei Govt,560,,,Entity,
179,POL_223,POL_223,Natal / Tvl Indian Congress,560,,,Political Party,
180,POL_224,POL_224,National Party,560,,,Political Party,
181,POL_225,POL_225,National People's Party,560,,,Political Party,
182,POL_222,POL_222,African National Congress,560,,,Political Party,
183,ENT_215,ENT_215,Venda Govt,560,,,Entity,
184,POL_212,POL_212,Democratic Party,560,,,Political Party,
185,ENT_213,ENT_213,Bophuthatswana Govt,560,,,Entity,
186,POL_211,POL_211,United People's Front,560,,,Political Party,
187,POL_210,POL_210,Inkatha Freedom Party,560,,,Political Party,
188,POL_209,POL_209,SA Communist Party,560,,,Political Party,
189,POL_208,POL_208,Solidarity,560,,,Political Party,
190,POL_214,POL_214,Ximoko Progressive Party,560,,,Political Party,
191,IGO_226,IGO_226,Organisation of Islamic Cooperation,,,International IGO,International IGO,
192,CON_228,CON_228,Morocco,600,,Country/State,Country/State,
193,OTH_231,OTH_231,Liberia National Conference,450,,,Other,
194,POL_243,POL_243,Democratic Party of Ivory Coast – African Democratic Rally,437,,,Political Party,
195,POL_239,POL_239,Ivorian Workers' Party,437,,,Political Party,
196,POL_242,POL_242,Union for Democracy and Peace in Ivory Coast,437,,,Political Party,
197,POL_245,POL_245,Citizens' Democratic Union,437,,,Political Party,
198,POL_236,POL_236,Movement of the Forces of the Future,437,,,Political Party,
199,CON_247,CON_247,Cambodia,811,,Country/State,Country/State,
200,POL_246,POL_246,FUNCINPEC,811,,,Political Party,
201,CON_248,CON_248,Djibouti,522,,Country/State,Country/State,
202,OTH_1151,OTH_1151,Monitoring Commission of the Douala Appeal ,484,,,Other,
203,IGO_250,IGO_250,World Peace Council,,,International IGO,International IGO,
204,POL_322,POL_322,Rally for the People of Burundi,516,,,Political Party,
205,POL_332,POL_332,Party for National Recovery,516,,,Political Party,
206,POL_327,POL_327,Liberal Party,516,,,Political Party,
207,POL_331,POL_331,People's Reconciliation Party,516,,,Political Party,
208,POL_328,POL_328,Rally for Democracy and Economic and Social Development,516,,,Political Party,
209,CON_253,CON_253,Burundi,516,,Country/State,Country/State,
210,POL_325,POL_325,Pan Africanist Socialist Movement-Inkinzo,516,,,Political Party,
211,POL_319,POL_319,Independent Labor Party,516,,,Political Party,
212,POL_320,POL_320,Union for National Progress,516,,,Political Party,
213,POL_321,POL_321,Front for Democracy in Burundi,516,,,Political Party,
214,CON_255,CON_255,Algeria,615,,Country/State,Country/State,
215,CON_260,CON_260,Angola,540,,Country/State,Country/State,
216,CON_259,CON_259,Portugal,235,,Country/State,Country/State,
217,CON_264,CON_264,"Congo, Democratic Republic of the",490,,Country/State,Country/State,
218,CON_267,CON_267,Botswana,571,,Country/State,Country/State,
219,CON_268,CON_268,Mexico,70,,Country/State,Country/State,
220,CON_397,CON_397,Nicaragua,93,,Country/State,Country/State,
221,NGO_270,NGO_270,Cardinal Miguel Obando Bravo,93,,,Civil Society,
222,OTH_1271,OTH_1271,Standing Committee of the Horn,,,,Other,
223,CON_272,CON_272,Eritrea,531,,Country/State,Country/State,
224,CON_273,CON_273,North Korea,731,,Country/State,Country/State,
225,IGO_274,IGO_274,United Nations Observer Mission in Bougainville (UNOMB),,,International IGO,International IGO,
226,CON_277,CON_277,Australia,900,,Country/State,Country/State,
227,ENT_275,ENT_275,Chechen Republic,365,,,Entity,
228,CON_276,CON_276,New Zealand,920,,Country/State,Country/State,
229,CON_278,CON_278,Vanuatu,935,,Country/State,Country/State,
230,CON_280,CON_280,Tonga,953,,Country/State,Country/State,
231,CON_282,CON_282,Papua New Guinea,910,,Country/State,Country/State,
232,CON_281,CON_281,Fiji,950,,Country/State,Country/State,
233,OTH_284,OTH_284,USAID,2,,,Other,
234,CON_285,CON_285,Libya,620,,Country/State,Country/State,
235,ENT_286,ENT_286,Chittagong Hill Tracts,771,,,Entity,
236,CON_287,CON_287,Bangladesh,771,,Country/State,Country/State,
237,CON_288,CON_288,Afghanistan,700,,Country/State,Country/State,
238,CON_289,CON_289,Iran (Islamic Republic of),630,,Country/State,Country/State,
239,CON_290,CON_290,Cameroon,471,,Country/State,Country/State,
240,IGO_386,IGO_386,UN Secretary General,,,International IGO,International IGO,
241,OTH_1010,OTH_1010,Philippines National Police,840,,,Other,
242,CON_295,CON_295,Thailand,800,,Country/State,Country/State,
243,CON_294,CON_294,Japan,740,,Country/State,Country/State,
244,POL_305,POL_305,Democratic Kampuchea,811,,,Political Party,
245,CON_296,CON_296,Singapore,830,,Country/State,Country/State,
246,CON_297,CON_297,Vietnam,816,,Country/State,Country/State,
247,CON_292,CON_292,Brunei,835,,Country/State,Country/State,
248,CON_298,CON_298,Laos,812,,Country/State,Country/State,
249,CON_300,CON_300,El Salvador,92,,Country/State,Country/State,
250,CON_301,CON_301,Sri Lanka,780,,Country/State,Country/State,
251,CON_304,CON_304,Yemen,678,,Country/State,Country/State,
252,OTH_303,OTH_303,Presidential Council,678,,,Other,
253,OTH_340,OTH_340,National Reconciliation Commission,90,,,Other,
254,OTH_360,OTH_360,Political and Diplomatic Commission,90,,,Other,
255,POL_310,POL_310,Yemeni Socialist Party,678,,,Political Party,
256,POL_311,POL_311,General People's Congress,678,,,Political Party,
257,OTH_654,OTH_654,GRP Peace Panel,840,,,Government/state,
258,OTH_1152,OTH_1152,Gaddafi International Foundation for Charitable Associations,,,,Other,
259,OTH_1267,OTH_1267,MILF Peace Panel,840,,,Other,
260,NGO_1095,NGO_1095,Rome Group,700,,,Civil Society,
261,IGO_312,IGO_312,Intergovernmental Authority on Development,,Africa,Regional IGO,Regional IGO,
262,CON_316,CON_316,Venezuela,101,,Country/State,Country/State,
263,IGO_315,IGO_315,UN General Assembly,,,International IGO,International IGO,
264,OTH_1189,OTH_1189,Individual,910,,,Other,
265,POL_326,POL_326,People's Party,516,,,Political Party,
266,POL_323,POL_323,National Alliance for Law and Economic Development,516,,,Political Party,
267,OTH_337,OTH_337,Mwalimu Nyerere Foundation,,,,Civil Society,
268,IGO_338,IGO_338,La Francophonie,,,International IGO,International IGO,
269,CON_339,CON_339,Rwanda,517,,Country/State,Country/State,
270,CON_335,CON_335,Zambia,551,,Country/State,Country/State,
271,POL_329,POL_329,Alliance of the Valiant,516,,,Political Party,
272,POL_330,POL_330,Palipehutu,516,,,Political Party,
273,POL_334,POL_334,Burundo-African Alliance for Salvation,516,,,Political Party,
274,OTH_1154,OTH_1154,International Police Task Force,346,,,Other,
275,POL_342,POL_342,Bougainville Peoples Congress,910,,,Entity,
276,ENT_341,ENT_341,Bougainville Interim Provincial Government,910,,,Entity,
277,NGO_344,NGO_344,Bougainville Women,910,,,Civil Society,
278,ENT_345,ENT_345,Bougainville Transitional Government,910,,,Entity,
279,ENT_356,ENT_356,Bougainville,910,,,Entity,
280,CON_358,CON_358,Somalia,520,,Country/State,Country/State,
281,IGO_347,IGO_347,Nonaligned Movement,,,International IGO,International IGO,
282,IGO_346,IGO_346,League of Arab States,,Africa,Regional IGO,Regional IGO,
283,CON_348,CON_348,Serbia,340,,Country/State,Country/State,
284,CON_350,CON_350,Zimbabwe,552,,Country/State,Country/State,
285,IGO_349,IGO_349,Southern African Development Community,,Africa,Regional IGO,Regional IGO,
286,IGO_352,IGO_352,Community of Portuguese-Speaking Countries,,,International IGO,International IGO,
287,CON_353,CON_353,São Tomé and Príncipe,403,,Country/State,Country/State,
288,CON_354,CON_354,Cape Verde,402,,Country/State,Country/State,
289,IGO_355,IGO_355,United Nations Protection Force (UNPROFOR),,,International IGO,International IGO,
290,COA_1279,COA_1279,IGAD Partners Forum,,,,State Coalition,
291,POL_362,POL_362,Liberia National Union,450,,,Political Party,
292,POL_363,POL_363,Equal Rights Party,450,,,Political Party,
293,POL_370,POL_370,Free Democracy Party,450,,,Political Party,
294,POL_369,POL_369,National Reform Party,450,,,Political Party,
295,POL_368,POL_368,Progressive Peoples Party,450,,,Political Party,
296,POL_367,POL_367,Reformation Alliance Party,450,,,Political Party,
297,POL_364,POL_364,United People's Party,450,,,Political Party,
298,POL_378,POL_378,People's Democratic Party,450,,,Political Party,
299,OTH_371,OTH_371,Inter-religious Council for Liberia,450,,,Civil Society,
300,OTH_372,OTH_372,Mano River Women Peace Network,450,,,Civil Society,
301,POL_373,POL_373,New Deal Movement,450,,,Political Party,
302,POL_374,POL_374,National Democratic Party,450,,,Political Party,
303,OTH_375,OTH_375,Liberia Leadership Forum,450,,,Other,
304,POL_376,POL_376,Liberian Action Party,450,,,Political Party,
305,POL_366,POL_366,All-Liberian Coalition Party,450,,,Political Party,
306,POL_365,POL_365,True Whig Party,450,,,Political Party,
307,POL_379,POL_379,National Patriotic Party,450,,,Political Party,
308,POL_380,POL_380,Unity Party,450,,,Political Party,
309,POL_381,POL_381,Liberians People's Party,450,,,Political Party,
310,POL_382,POL_382,Labor Party,450,,,Political Party,
311,POL_383,POL_383,Liberia Unification Party,450,,,Political Party,
312,OTH_384,OTH_384,Liberian Bar Association,450,,,Civil Society,
313,OTH_385,OTH_385,Liberians in Diaspora,450,,,Civil Society,
314,CON_387,CON_387,Mauritania,435,,Country/State,Country/State,
315,NGO_390,NGO_390,Turkmen,,,,Civil Society,
316,NGO_389,NGO_389,Sunni,,,,Civil Society,
317,NGO_388,NGO_388,Shi'a,,,,Civil Society,
318,NGO_1081,NGO_1081,Women's Representative,,,,Civil Society,
319,IGO_391,IGO_391,United Nations Secretariat,,,International IGO,International IGO,
320,CON_392,CON_392,Malawi,553,,Country/State,Country/State,
321,ENT_534,ENT_534,Puntland,520,,,Entity,
322,CON_395,CON_395,Pakistan,770,,Country/State,Country/State,
323,CON_394,CON_394,Romania,360,,Country/State,Country/State,
324,POL_396,POL_396,Democratic Party of Ivory Coast,437,,,Political Party,
325,POL_401,POL_401,Pro-Integration Party,860,,,Political Party,
326,OTH_398,OTH_398,East Timor Police Force,860,,,Other,
327,CON_399,CON_399,East Timor,860,,Country/State,Country/State,
328,NGO_1078,NGO_1078,Women's Association,516,,,Civil Society,
329,POL_403,POL_403,Democratic Party of Albanians,339,,,Political Party,
330,POL_404,POL_404,Social Democratic Union of Macedonia,343,,,Political Party,
331,OTH_1153,OTH_1153,High Representative for Bosnia and Herzegovina,,,,Other,
332,IGO_405,IGO_405,United Nations Mission in Bosnia and Herzegovina (UNMIBH),,,International IGO,International IGO,
333,OTH_1155,OTH_1155,Peace Monitoring Group,910,,,Other,
334,IGO_406,IGO_406,North Atlantic Treaty Organization,,,International IGO,International IGO,
335,IGO_410,IGO_410,Commonwealth of Nations,,,International IGO,International IGO,
336,ENT_411,ENT_411,Choiseul Province,940,,,Entity,
337,ENT_412,ENT_412,Central Islands Province,940,,,Entity,
338,ENT_1268,ENT_1268,Autonomous Region in Muslim Mindanao,840,,,Entity,
339,NGO_416,NGO_416,Forces Vives of the Nation ,490,,,Civil Society,
340,POL_893,POL_893,Political Opposition,490,,,Political Party,
341,ENT_418,ENT_418,Kosovo,347,,,Entity,
342,CON_419,CON_419,Saudi Arabia,670,,Country/State,Country/State,
343,POL_445,POL_445,Jamayat-E-Islami,700,,,Political Party,
344,POL_442,POL_442,Harkat-e-Inquilab-e-Islami,700,,,Political Party,
345,POL_448,POL_448,National Islamic Front of Afghanistan,700,,,Political Party,
346,POL_446,POL_446,Ittehad-e-Islami,700,,,Political Party,
347,OTH_1156,OTH_1156,Leitana Council of Elders,910,,,Other,
348,NGO_1157,NGO_1157,Christian delegates,850,,,Civil Society,
349,NGO_1158,NGO_1158,Muslim delegates,850,,,Civil Society,
350,ENT_900,ENT_900,Transdniestria,359,,,Entity,
351,POL_449,POL_449,Central African Democratic Rally,482,,,Political Party,
352,NGO_434,NGO_434,Evangelical Baptist Church in the Central African Republic,482,,,Civil Society,
353,NGO_433,NGO_433,Central African Islamic community,,,,Civil Society,
354,POL_432,POL_432,Patritotic Front for Progress,482,,,Political Party,
355,NGO_428,NGO_428,FNEC,482,,,Civil Society,
356,POL_422,POL_422,Movement for the Liberation of the Central African People,482,,,Political Party,
357,NGO_423,NGO_423,OFCA,482,,,Civil Society,
358,POL_424,POL_424,Movement for Democracy and Development,482,,,Political Party,
359,NGO_429,NGO_429,KOLI-OUALI GALA,482,,,Civil Society,
360,POL_426,POL_426,Alliance for Democracy and Progress,482,,,Political Party,
361,POL_427,POL_427,Civic Forum,482,,,Political Party,
362,NGO_425,NGO_425,Trade Unions,482,,,Civil Society,
363,IGO_440,IGO_440,United Nations Human Rights Council,,,International IGO,International IGO,
364,IGO_436,IGO_436,European Commission,,Europe,Regional IGO,Regional IGO,
365,IGO_437,IGO_437,World Bank,,,International IGO,International IGO,
366,IGO_438,IGO_438,International Monetary Fund,,,International IGO,International IGO,
367,IGO_439,IGO_439,African Development Bank,,Africa,Regional IGO,Regional IGO,
368,IGO_439,IGO_439,African Development Bank,,Africa,Regional IGO,Regional IGO,
369,CON_441,CON_441,Belgium,211,,Country/State,Country/State,
370,POL_444,POL_444,Etelaf-e Milli,700,,,Political Party,
371,POL_443,POL_443,Hezbe Wahdat,700,,,Political Party,
372,NGO_451,NGO_451,Religious Denominations,482,,,Civil Society,
373,NGO_450,NGO_450,"Human rights, justice and democracy groups",482,,,Civil Society,
374,NGO_453,NGO_453,Aga Khan Foundation,,,,Civil Society,
375,IGO_454,IGO_454,United Nations Mission of Observers in Tajikistan (UNMOT),,,International IGO,International IGO,
376,NGO_457,NGO_457,San Miguel Community,70,,,Civil Society,
377,CON_458,CON_458,South Korea,732,,Country/State,Country/State,
378,IGO_459,IGO_459,United Nations Children's Fund,,,International IGO,International IGO,
379,POL_464,POL_464,South Sudan United Democratic Front,626,,,Political Party,
380,OTH_463,OTH_463,South Sudan Independents Group,626,,,Other,
381,OTH_466,OTH_466,Liberia Council,450,,,Other,
382,POL_1074,POL_1074,NI Women's Coalition,,,,Civil Society,
383,POL_473,POL_473,The Alliance Party of Northern Ireland,,,,Political Party,
384,POL_472,POL_472,Sinn Fein,,,,Political Party,
385,POL_471,POL_471,NI Labour Coalition,,,,Political Party,
386,POL_470,POL_470,Ulster Unionist Party,,,,Political Party,
387,POL_469,POL_469,Ulster Democratic Party,,,,Political Party,
388,POL_468,POL_468,Progressive Unionist Party,,,,Political Party,
389,POL_467,POL_467,Social Democratic Labour Party,,,,Political Party,
390,OTH_474,OTH_474,Philippine Peace Center,840,,,Civil Society,
391,OTH_478,OTH_478,Officers,482,,,Other,
392,OTH_477,OTH_477,International Monitoring Committee,482,,,Other,
393,IGO_480,IGO_480,United Nations Observer Mission in Georgia (UNOMIG),,,International IGO,International IGO,
394,ENT_862,ENT_862,Moheli,581,,,Entity,
395,CON_485,CON_485,Comoros,581,,Country/State,Country/State,
396,ENT_1160,ENT_1160,Ngazidja,581,,,Entity,
397,IGO_483,IGO_483,Indian Ocean Commission,,Asia,Regional IGO,Regional IGO,
398,ENT_484,ENT_484,Anjouan,581,,,Entity,
399,CON_482,CON_482,Mauritius,590,,Country/State,Country/State,
400,CON_481,CON_481,Madagascar,580,,Country/State,Country/State,
401,ENT_1161,ENT_1161,Mwali,581,,,Entity,
402,CON_486,CON_486,Qatar,694,,Country/State,Country/State,
403,ENT_487,ENT_487,Tripura,750,,,Entity,
404,ENT_967,ENT_967,Assam Government,750,,,Entity,
405,ENT_1163,ENT_1163,Maguindanao ,840,,,Entity,
406,OTH_1011,OTH_1011,International Monitoring Team,840,,,Other,
407,IGO_491,IGO_491,Economic and Monetary Community of Central Africa,,Africa,Regional IGO,Regional IGO,
408,IGO_493,IGO_493,International Conference on the Great Lakes Region,,,International IGO,International IGO,
409,ENT_497,ENT_497,Kurdistan,,,,Entity,
410,POL_499,POL_499,Orange Democratic Movement,501,,,Political Party,
411,OTH_1308,OTH_1308,Leading personalities of the Darfur Movements,625,,,Other,
412,OTH_1277,OTH_1277,Darfur Movements,625,,,Other,
413,POL_507,POL_507,Socialist Party,90,,,Political Party,
414,POL_504,POL_504,Solidarity Action Movement,90,,,Political Party,
415,POL_506,POL_506,National Renewal Party,90,,,Political Party,
416,POL_501,POL_501,National Advancement Front Party,90,,,Political Party,
417,OTH_503,OTH_503,National Reconciliation Commission (CNR),90,,,Other,
418,POL_505,POL_505,National Liberation Movement,90,,,Political Party,
419,NGO_502,NGO_502,Episcopal Conference of Guatemala,90,,,Civil Society,
420,OTH_510,OTH_510,National Consultative Peace Jirga (NCPJ),700,,,Other,
421,NGO_509,NGO_509,Religious Scholars,,,,Civil Society,
422,NGO_508,NGO_508,Afghan Refugees,700,,,Civil Society,
423,ENT_635,ENT_635,South Ossetia,365,,,Entity,
424,OTH_514,OTH_514,Interim Transitional National Council,620,,,Other,
425,POL_519,POL_519,Lebanese Democrat Party,660,,,Political Party,
426,POL_520,POL_520,Amal Movement,660,,,Political Party,
427,POL_515,POL_515,The Future Movement,660,,,Political Party,
428,POL_517,POL_517,Progressive Socialist Party,660,,,Political Party,
429,POL_518,POL_518,Syrian Social Nationalist Party,652,,,Political Party,
430,CON_521,CON_521,Lesotho,570,,Country/State,Country/State,
431,POL_522,POL_522,Marematlou Freedom Party,570,,,Political Party,
432,POL_523,POL_523,Lesotho Workers Party,570,,,Political Party,
433,POL_524,POL_524,All Basotho Convention,570,,,Political Party,
434,POL_525,POL_525,Lesotho People's Congress,570,,,Political Party,
435,POL_526,POL_526,Batotho National Party,570,,,Political Party,
436,POL_527,POL_527,Popular Front for Democracy,570,,,Political Party,
437,POL_528,POL_528,Basotho Democratic National Party,570,,,Political Party,
438,OTH_529,OTH_529,National Independent,570,,,Other,
439,POL_530,POL_530,Basotho Batho Democratic Party,570,,,Political Party,
440,ENT_561,ENT_561,Galmudug,520,,,Entity,
441,IGO_536,IGO_536,United Nations Political Office for Somalia (UNPOS),,,,Intergovernmental Organization,
442,IGO_535,IGO_535,East African Community,,Africa,Regional IGO,Regional IGO,
443,POL_538,POL_538,National Congress Party,625,,,Political Party,
444,OTH_539,OTH_539,National Council,678,,,Other,
445,IGO_540,IGO_540,Gulf Cooperation Council,,Asia,Regional IGO,Regional IGO,
446,IGO_1191,IGO_1191,United Nations Integrated Peacebuilding Office in the Central African Republic (BINUCA),,,,Intergovernmental Organization,
447,IGO_1283,IGO_1283,Mission for the Consolidation of Peace in Central African Republic,,,,Intergovernmental Organization,
448,IGO_542,IGO_542,Community of Sahel-Saharan States,,Africa,Regional IGO,Regional IGO,
449,POL_547,POL_547,National Movement,483,,,Political Party,
450,POL_548,POL_548,Democratic Unionist Party,,,,Political Party,
451,OTH_1246,OTH_1246,Malagasy Political Stakeholders,580,,,Other,
452,ENT_550,ENT_550,Wa Special Region,775,,,Entity,
453,CON_551,CON_551,Myanmar,775,,Country/State,Country/State,
454,ENT_1247,ENT_1247,Chin State,775,,,Entity,
455,OTH_556,OTH_556,Mon State Level Peace-Making Group,775,,,Other,
456,OTH_557,OTH_557,Karen State-Level Peace-Making Team,775,,,Other,
457,OTH_560,OTH_560,Rakhine State Government Peace-Making Group,775,,,Other,
458,POL_559,POL_559,Rakhine State Liberation Party,775,,,Political Party,
459,CON_562,CON_562,Turkey,640,,Country/State,Country/State,
460,CON_563,CON_563,Kuwait,692,,Country/State,Country/State,
461,OTH_566,OTH_566,Jubba Interim Administration,520,,,Other,
462,IGO_913,IGO_913,Economic Community of Central African States,,Africa,Regional IGO,Regional IGO,
463,POL_1333,POL_1333,Democratic Opposition,482,,,Political Party,
464,IGO_570,IGO_570,United Nations Multidimensional Integrated Stabilization Mission in Mali (MINUSMA),,,International IGO,International IGO,
465,OTH_1288,OTH_1288,Citizen Alternative for Democracy and Peace,482,,,Other,
466,NGO_1291,NGO_1291,National Youth Council,482,,,Civil Society,
467,NGO_1293,NGO_1293,Workers' Unions,482,,,Civil Society,
468,NGO_1294,NGO_1294,National Confederation of Farmers and Breeders,482,,,Civil Society,
469,NGO_1295,NGO_1295,Inter-NGO Council in the Central African Republic,482,,,Civil Society,
470,NGO_1296,NGO_1296,Internally Displaced Persons,482,,,Civil Society,
471,NGO_1297,NGO_1297,Communities at Risk,482,,,Civil Society,
472,NGO_1298,NGO_1298,Collective of the Central African Diaspora,482,,,Civil Society,
473,OTH_1292,OTH_1292,High Council for Communication,482,,,Other,
474,NGO_1077,NGO_1077,Women Leaders Advisory Committee,482,,,Civil Society,
475,POL_578,POL_578,Zimbabwe African National Union – Patriotic Front,552,,,Political Party,
476,POL_579,POL_579,Movement for Democratic Change,552,,,Political Party,
477,POL_1217,POL_1217,Renewal of the Social Democratic Party,580,,,Political Party,
478,POL_1235,POL_1235,Vonjy Iray Tsy Mivaky,580,,,Political Party,
479,NGO_1234,NGO_1234,Syndicat des fonctionnaires,580,,,Civil Society,
480,NGP_1233,NGP_1233,SOS Aux Victimes de Non Droit,580,,,Civil Society,
481,NGO_1208,NGO_1208,Consortium National pour la participation Citoyenne,580,,,Civil Society,
482,OTH_1207,OTH_1207,Congres Malgache de la Route et des Transports ,580,,,Other,
483,NGO_1206,NGO_1206,Club Developpement et Ethique ,580,,,Civil Society,
484,NGO_1205,NGO_1205,Colectif des Citoyens et des Organisations Citoyennes,580,,,Civil Society,
485,POL_1204,POL_1204,Asa Vita no Ifampitsarana,580,,,Political Party,
486,OTH_1203,OTH_1203,Télévision Malagasy,580,,,Other,
487,POL_1202,POL_1202,Antoko Miombona Ezaka ,580,,,Political Party,
488,POL_1201,POL_1201,Congress Party for Malagasy Independence – Renewal,580,,,Political Party,
489,NGO_1200,NGO_1200,Acces Zon'olombelona,580,,,Civil Society,
490,POL_1199,POL_1199,Malagasy Tonga Saina,580,,,Political Party,
491,POL_1198,POL_1198,LEADER-Fanilo,580,,,Political Party,
492,NGO_1232,NGO_1232,Forum for African Women Educationalists,,,,Civil Society,
493,POL_1231,POL_1231,Komity Miaro ny Demokrasia,580,,,Political Party,
494,NGO_1230,NGO_1230,MAMPAFI/Malagsy mpandala Fihavanana,580,,,Civil Society,
495,POL_1229,POL_1229,Malagsy Miara-Mandroso Aron'ny Demokrasia,580,,,Political Party,
496,NGO_1228,NGO_1228,KMF/CNOE-Education des citoyens,580,,,Civil Society,
497,NGO_1236,NGO_1236,Vondrona Miralenta ho an'ny fampandrosoana,580,,,Civil Society,
498,NGO_1238,NGO_1238,Jeune Patronat de Madagascar,580,,,Civil Society,
499,NGO_1239,NGO_1239,Plateforme Nationale des Jeunes pour les Developpement,580,,,Civil Society,
500,IGO_1219,IGO_1219,Reseau des femmes Africaines Ministres et Parlementaires section Madagascar,580,,,Intergovernmental Organization,
501,NGO_1220,NGO_1220,Réseau pour l’éradication de la violence ,580,,,Civil Society,
502,POL_1216,POL_1216,Democratic Party for Union in Madagascar ,580,,,Political Party,
503,POL_1221,POL_1221,Solidarité des Fédéralistes de Madagascar,580,,,Political Party,
504,POL_1223,POL_1223,Forces pour le Changement,580,,,Political Party,
505,NGO_1224,NGO_1224,Fédération Minière de Madagasca,580,,,Civil Society,
506,POL_1225,POL_1225,Femmes legalistes de la mouvance Ravalomanana,580,,,Political Party,
507,NGO_1215,NGO_1215,Plateforme Nationale des Organisations de la Société Civile de Madagascar,580,,,Civil Society,
508,POL_1214,POL_1214,Parti fort Democratique de Madagascar,580,,,Political Party,
509,POL_1218,POL_1218,Rassemblement des démocrates musulmans de Madagascar Renouveau,580,,,Political Party,
510,POL_1211,POL_1211,Parti du Congres de l'Independance de Madagascar,580,,,Political Party,
511,POL_1210,POL_1210,MONIMA/Forces pour le Changement,580,,,Political Party,
512,POL_1209,POL_1209,MAVANA/Forces pour le Changement,580,,,Political Party,
513,NGO_1245,NGO_1245,Federation de Hoteliers et Restaurateurs de Madagascar,580,,,Civil Society,
514,NGO_1244,NGO_1244,Fivondronan’ny Mpandraharaha Malagasy,580,,,Civil Society,
515,NGO_1243,NGO_1243,Groupements des Entreprises de Madagascar,580,,,Civil Society,
516,NGO_1242,NGO_1242,Fédération des Syndicats de Travailleurs de Madagascar,580,,,Civil Society,
517,NGO_1241,NGO_1241,Sendika Revolisakonera Malagasy,580,,,Civil Society,
518,NGO_1240,NGO_1240,Conference des Travailleurs de Madagascar,580,,,Civil Society,
519,POL_1212,POL_1212,Parti FANARENANA,580,,,Political Party,
520,POL_1222,POL_1222,Droits Humains et Démocratie,580,,,Political Party,
521,NGO_1226,NGO_1226,Groupement des Entités de la Société Civile pour la défense de la démocratie et des valeurs républicaines,580,,,Civil Society,
522,POL_1227,POL_1227,Groupement Liberal de Madagascar,580,,,Political Party,
523,POL_581,POL_581,All Political Parties Conference,626,,,Political Party,
524,POL_584,POL_584,Action Committee for Renewal,461,,,Political Party,
525,CON_585,CON_585,Costa Rica,94,,Country/State,Country/State,
526,IGO_586,IGO_586,Shanghai Cooperation Organization,,Asia,Regional IGO,Regional IGO,
527,CON_610,CON_610,North Macedonia,343,,Country/State,Country/State,
528,CON_611,CON_611,Luxembourg,215,,Country/State,Country/State,
529,CON_612,CON_612,Lithuania,368,,Country/State,Country/State,
530,CON_613,CON_613,Liechtenstein,223,,Country/State,Country/State,
531,CON_604,CON_604,Denmark,390,,Country/State,Country/State,
532,CON_614,CON_614,Malta,338,,Country/State,Country/State,
533,CON_615,CON_615,Latvia,367,,Country/State,Country/State,
534,CON_603,CON_603,Poland,290,,Country/State,Country/State,
535,CON_609,CON_609,Cyprus,352,,Country/State,Country/State,
536,CON_608,CON_608,Mongolia,712,,Country/State,Country/State,
537,CON_607,CON_607,Montenegro,341,,Country/State,Country/State,
538,CON_605,CON_605,Estonia,366,,Country/State,Country/State,
539,CON_606,CON_606,Oman,698,,Country/State,Country/State,
540,CON_602,CON_602,Hungary,310,,Country/State,Country/State,
541,CON_589,CON_589,Bulgaria,355,,Country/State,Country/State,
542,CON_590,CON_590,Tunisia,616,,Country/State,Country/State,
543,CON_591,CON_591,United Arab Emirates,696,,Country/State,Country/State,
544,CON_592,CON_592,Slovakia,317,,Country/State,Country/State,
545,CON_593,CON_593,Sweden,380,,Country/State,Country/State,
546,CON_594,CON_594,Uruguay,165,,Country/State,Country/State,
547,IGO_1139,IGO_1139,South Asian Association for Regional Cooperation,,Asia,Regional IGO,Regional IGO,
548,CON_637,CON_637,Czechia,316,,Country/State,Country/State,
549,CON_587,CON_587,Albania,339,,Country/State,Country/State,
550,CON_588,CON_588,Austria,305,,Country/State,Country/State,
551,CON_601,CON_601,Iceland,385,,Country/State,Country/State,
552,IGO_600,IGO_600,Asian Development Bank,,Asia,Regional IGO,Regional IGO,
553,IGO_599,IGO_599,Conference on Interaction and Confidence-Building Measures in Asia (CICA),,Asia,Regional IGO,Regional IGO,
554,IGO_596,IGO_596,Islamic Development Bank,,,International IGO,International IGO,
555,IGO_598,IGO_598,Collective Security Treaty Organization,,Europe,Regional IGO,Regional IGO,
556,IGO_597,IGO_597,Economic Cooperation Organization,,,Regional IGO,Regional IGO,
557,NGO_595,NGO_595,Aga Khan Development Network,,,,Civil Society,
558,IGO_616,IGO_616,United Nations Interim Security Force for Abyei (UNISFA),,,International IGO,International IGO,
559,OTH_1309,OTH_1309,Darfur Stakeholders,625,,,Other,
560,OTH_1269,OTH_1269,National Security Council,840,,,Other,
561,OTH_617,OTH_617,Cordillera Bodong Administration,840,,,Other,
562,ENT_1281,ENT_1281,Apayao Province,840,,,Entity,
563,ENT_1280,ENT_1280,"Lone District, Ifugao",840,,,Entity,
564,CON_621,CON_621,Honduras,91,,Country/State,Country/State,
565,IGO_624,IGO_624,United Nations Mission in the Democratic Republic of the Congo (MONUC),,,International IGO,International IGO,
566,COA_629,COA_629,Group of 12,,,,State Coalition,
567,CON_669,CON_669,Vatican City,,,Country/State,Country/State,
568,ENT_633,ENT_633,Baku community,910,,,Civil Society,
569,ENT_634,ENT_634,North Ossetia,365,,,Entity,
570,IGO_638,IGO_638,European Bank for Reconstruction and Development,,Europe,Regional IGO,Regional IGO,
571,IGO_639,IGO_639,Council of Europe,,Europe,Regional IGO,Regional IGO,
572,IGO_640,IGO_640,Office of the United Nations High Commissioner for Human Rights,,,International IGO,International IGO,
573,CON_636,CON_636,Greece,350,,Country/State,Country/State,
574,CON_641,CON_641,Seychelles,591,,Country/State,Country/State,
575,POL_1179,POL_1179,National Front for Justice ,581,,,Political Party,
576,OTH_642,OTH_642,Interim Political Authority,570,,,Other,
577,POL_643,POL_643,National Liberation Front,615,,,Political Party,
578,POL_646,POL_646,Workers Party,615,,,Political Party,
579,POL_645,POL_645,Movement for Democracy in Algeria,615,,,Political Party,
580,POL_644,POL_644,Socialist Forces Front,615,,,Political Party,
581,IGO_652,IGO_652,United Nations Mission in Sierra Leone (UNAMSIL),,,International IGO,International IGO,
582,POL_655,POL_655,National Democratic Alliance,625,,,Political Party,
583,POL_1255,POL_1255,FRELIMO,541,,,Political Party,
584,NGO_1256,NGO_1256,Anglican Church of Southern Africa,541,,,Civil Society,
585,NGO_1257,NGO_1257,United Methodist Church,541,,,Civil Society,
586,NGO_1180,NGO_1180,Muslim Community Leader,541,,,Civil Society,
587,POL_661,POL_661,National Salvation Movement,100,,,Political Party,
588,POL_662,POL_662,Colombian Conservative Party,100,,,Political Party,
589,POL_659,POL_659,Communist Party of Colombia (Marxist–Leninist),100,,,Political Party,
590,NGO_1182,NGO_1182,Caucanos for Peace,100,,,Civil Society,
591,OTH_1252,OTH_1252,Other,100,,,Other,
592,OTH_1253,OTH_1253,Constituent Assembly of Colombia,100,,,Other,
593,NGO_186,NGO_186,Church Representative,100,,,Civil Society,
594,OTH_663,OTH_663,Hope for Peace and Freedom,100,,,Other,
595,OTH_664,OTH_664,Peace Facilitation Commission,100,,,Other,
596,OTH_666,OTH_666,Facilitating and Verification Commission,100,,,Other,
597,POL_1248,POL_1248,Sí Colombia,100,,,Political Party,
598,POL_1249,POL_1249,Colombian Liberal Party,100,,,Political Party,
599,CON_670,CON_670,Panama,95,,Country/State,Country/State,
600,NGO_1254,NGO_1254,FENALCO National Merchants/Traders federation,100,,,Civil Society,
601,IGO_680,IGO_680,Asian Productivity Organization,,Asia,Regional IGO,Regional IGO,
602,IGO_679,IGO_679,International Fund for Agricultural Development (IFAD),,,International IGO,International IGO,
603,IGO_678,IGO_678,"United Nations Educational, Scientific and Cultural Organization",,,International IGO,International IGO,
604,IGO_681,IGO_681,Multilateral Investment Guarantee Agency (MIGA),,,International IGO,International IGO,
605,IGO_677,IGO_677,World Health Organization,,,International IGO,International IGO,
606,IGO_675,IGO_675,International Organization for Migration,,,International IGO,International IGO,
607,OTH_671,OTH_671,Central Bank of Sri Lanka,780,,,Other,
608,IGO_672,IGO_672,UN Office on Drugs and Crimes,,,International IGO,International IGO,
609,IGO_676,IGO_676,Food and Agriculture Organization,,,International IGO,International IGO,
610,IGO_673,IGO_673,World Food Program,,,International IGO,International IGO,
611,IGO_674,IGO_674,United Nations Population Fund,,,International IGO,International IGO,
612,ENT_682,ENT_682,Czechoslovakia,315,,,Entity,
613,OTH_837,OTH_837,International Conference on the Former Yugoslavia,,,,Other,
614,OTH_794,OTH_794,Local Authorities,340,,,Other,
615,OTH_686,OTH_686,Monitoring Team of Security Modality,850,,,Other,
616,COA_688,COA_688,Group of Eight,,,,State Coalition,
617,OTH_690,OTH_690,National Organizations,615,,,Other,
618,NGO_691,NGO_691,Women's Groups,615,,,Civil Society,
619,NGO_1311,NGO_1311,Youth Groups,615,,,Civil Society,
620,NGO_1312,NGO_1312,Unions,615,,,Civil Society,
621,POL_698,POL_698,Convention African Peoples Democratic,461,,,Political Party,
622,POL_697,POL_697,Togolese Union for Democracy,461,,,Political Party,
623,POL_696,POL_696,Party for Democracy and Renewal,461,,,Political Party,
624,POL_695,POL_695,Democratic party pure Unite,461,,,Political Party,
625,POL_694,POL_694,Union for the Democracy and Solidarity,461,,,Political Party,
626,POL_693,POL_693,Party of the pure-Action on Development,461,,,Political Party,
627,POL_705,POL_705,Democratic Convention of African People,461,,,Political Party,
628,NGO_704,NGO_704,"Group for Reflexion and Action on Women, Democracy and Development",461,,,Civil Society,
629,NGO_703,NGO_703,African Female Ministers and Parliamentarians Network,461,,,Civil Society,
630,POL_702,POL_702,Panafrican Patriotic Convention,461,,,Political Party,
631,ENT_707,ENT_707,West Bengal,750,,,Entity,
632,OTH_708,OTH_708,Darjeeling Gorkha Hill Council,750,,,Other,
633,NGO_1088,NGO_1088,Women Development Association of Liberia,450,,,Civil Society,
634,NGO_1087,NGO_1087,Muslim Council of Liberia,450,,,Civil Society,
635,NGO_1083,NGO_1083,National Medical and Dental Association of Liberia,450,,,Civil Society,
636,NGO_1086,NGO_1086,Liberian Council of Churches,450,,,Civil Society,
637,NGO_1084,NGO_1084,Movement for Justice in Africa,450,,,Civil Society,
638,NGO_1085,NGO_1085,Federation of Liberia Youth,450,,,Civil Society,
639,NGO_1082,NGO_1082,Press Union of Liberia,450,,,Civil Society,
640,OTH_710,OTH_710,Union Peace Working Committee,775,,,Other,
641,NGO_713,NGO_713,Council of Christian Churches of Angola,540,,,Civil Society,
642,OTH_715,OTH_715,Cabinda Forum for Dialogue,540,,,Other,
643,NGO_712,NGO_712,Episcopal Conference of Angola and Sao Tome,,,,Civil Society,
644,NGO_714,NGO_714,Inter-Ecclesiastical Council for Peace in Angol,540,,,Civil Society,
645,POL_867,POL_867,Madhesi Janadhikar Forum,790,,,Political Party,
646,NGO_717,NGO_717,Women's Bloc Representative,626,,,Civil Society,
647,NGO_716,NGO_716,Civil Society Representative,626,,,Civil Society,
648,NGO_719,NGO_719,Eminent Personalities Representative,626,,,Civil Society,
649,NGO_1262,NGO_1262,Faith Based Leader,626,,,Civil Society,
650,ENT_720,ENT_720,Luhansk People Republic,369,,,Entity,
651,ENT_721,ENT_721,Donetsk People Republic,369,,,Entity,
652,OTH_726,OTH_726,National Transitional Council,620,,,Other,
653,OTH_727,OTH_727,House of Representatives,620,,,Other,
654,NGO_731,NGO_731,Women's Organizations,620,,,Civil Society,
655,OTH_730,OTH_730,Tribal Leaders,620,,,Civil Society,
656,OTH_725,OTH_725,General National Congress,620,,,Other,
657,COA_733,COA_733,Friends of Yemen,,,,State Coalition,
658,OTH_735,OTH_735,Preparatory Committee for National Dialogue,678,,,Other,
659,POL_736,POL_736,Yemeni Congregation for Reform,678,,,Political Party,
660,POL_737,POL_737,Solidarity Council and the Freedom Bloc,678,,,Political Party,
661,POL_738,POL_738,Al - Haqq,678,,,Political Party,
662,ENT_739,ENT_739,Palestine,667,,,Entity,
663,NGO_742,NGO_742,Women's Societies,692,,,Civil Society,
664,POL_743,POL_743,Political Societies,692,,,Political Party,
665,OTH_745,OTH_745,Media,692,,,Other,
666,NGO_746,NGO_746,Youth Societies,692,,,Civil Society,
667,NGO_1282,NGO_1282,Bahrain Chamber of Commerce and Industry,692,,,Civil Society,
668,NGO_747,NGO_747,Labour Unions,692,,,Civil Society,
669,OTH_748,OTH_748,Governing Council,645,,,Government/state,
670,OTH_749,OTH_749,Coalition Provisional Authority,,,,Other,
671,IGO_750,IGO_750,United Nations Support Mission in Libya (UNSMIL),,,International IGO,International IGO,
672,OTH_1275,OTH_1275,"Albanian ethnic community (Presevo, Bujanovac and Medvedja)",340,,,Civil Society,
673,OTH_791,OTH_791,Arbitration Commission of the Conference on Yugoslavia,,Europe,,Other,
674,ENT_1174,ENT_1174,Krajina,,,,Entity,
675,IGO_795,IGO_795,United Nations Confidence Restoration Operation (UNCRO),,,International IGO,International IGO,
676,POL_833,POL_833,Croatian Democratic Union,344,,,Political Party,
677,POL_1181,POL_1181,Serbian Democratic Party,346,,,Political Party,
678,POL_1007,POL_1007,Party of Democratic Action,346,,,Political Party,
679,POL_798,POL_798,National League for Democracy,775,,,Political Party,
680,POL_802,POL_802,National Unity Party,775,,,Political Party,
681,POL_803,POL_803,Union Solidarity and Development Party,775,,,Political Party,
682,POL_801,POL_801,United Nationalities Alliance,775,,,Political Party,
683,POL_800,POL_800,Federal Democracy Alliance,775,,,Political Party,
684,POL_799,POL_799,Nationalities Brotherhood Federation,775,,,Political Party,
685,OTH_1319,OTH_1319,Stakeholders,775,,,Other,
686,NGO_1251,NGO_1251,Elders of North Waziristan of Utmanzai,770,,,Civil Society,
687,ENT_811,ENT_811,Isperka,770,,,Civil Society,
688,ENT_812,ENT_812,Musa Khel,770,,,Civil Society,
689,ENT_808,ENT_808,"Shakai, District Wana",770,,,Entity,
690,ENT_809,ENT_809,South Wazirstan Agency,770,,,Entity,
691,OTH_817,OTH_817,Union Peace-Making Working Committee,775,,,Other,
692,OTH_1316,OTH_1316,Peace Facilitators,775,,,Other,
693,OTH_820,OTH_820,Karen State Peace Making Group,775,,,Other,
694,OTH_827,OTH_827,Union Peacemaking Working Committee,775,,,Other,
695,NGO_919,NGO_919,Youth Representative,626,,,Civil Society,
696,NGO_1076,NGO_1076,Representative of Women Group-WES,626,,,Civil Society,
697,IGO_831,IGO_831,United Nations Mission in South Sudan (UNMISS),,,International IGO,International IGO,
698,NGO_1322,NGO_1322,Traditional Authority,626,,,Civil Society,
699,NGO_1323,NGO_1323,Faith-based Council,626,,,Civil Society,
700,OTH_834,OTH_834,State Central Committee for Drug Abuse Control (CDAC),775,,,Other,
701,ENT_835,ENT_835,Jubbaland,520,,,Entity,
702,ENT_1324,ENT_1324,South-West State of Somalia,520,,,Entity,
703,OTH_836,OTH_836,Exchange Comisssion,346,,,Other,
704,NGO_838,NGO_838,Malteser International,,,,Other,
705,OTH_839,OTH_839,National Transition Council,482,,,Other,
706,OTH_1339,OTH_1339,College of Chiefs,570,,,Other,
707,NGO_849,NGO_849,Lesotho Council of NGOs,570,,,Civil Society,
708,NGO_848,NGO_848,Christian Council of Lesotho,570,,,Civil Society,
709,POL_847,POL_847,Lesotho Congress for Democracy,570,,,Political Party,
710,POL_846,POL_846,Basotho National Party,570,,,Political Party,
711,POL_845,POL_845,All Democratic Cooperation,570,,,Political Party,
712,POL_844,POL_844,African Unity Movement,570,,,Political Party,
713,POL_843,POL_843,Basotho Congress Party,570,,,Political Party,
714,POL_842,POL_842,Basotho National African Congress,570,,,Political Party,
715,POL_841,POL_841,Democratic Congress,570,,,Political Party,
716,POL_840,POL_840,National Independent Party,570,,,Political Party,
717,POL_850,POL_850,Basutoland Congress Party,570,,,Political Party,
718,IGO_854,IGO_854,United Nations Mission in Sudan (UNMIS),,,International IGO,International IGO,
719,ENT_864,ENT_864,Abyei,625,,,Entity,
720,OTH_1327,OTH_1327,Police and National Security,625,,,Other,
721,ENT_865,ENT_865,Southern Kordofan,625,,,Entity,
722,ENT_1328,ENT_1328,Unity State,625,,,Entity,
723,ENT_1329,ENT_1329,Northern Bahr El-Gazal State,625,,,Entity,
724,OTH_1330,OTH_1330,Joint Defense Council,625,,,Other,
725,OTH_1274,OTH_1274,Joint Peacekeeping Force (JPKF),372,,,Other,
726,OTH_856,OTH_856,Joint Control Commission (JCC),365,,,Other,
727,ENT_861,ENT_861,Habar Yoonis,520,,,Entity,
728,ENT_860,ENT_860,Ogeyslabe,520,,,Entity,
729,ENT_859,ENT_859,Dhulbahante,520,,,Entity,
730,ENT_858,ENT_858,Habr Je'lo,520,,,Entity,
731,ENT_857,ENT_857,Warsangali ,520,,,Entity,
732,ENT_1307,ENT_1307,Darfur,625,,,Entity,
733,ENT_863,ENT_863,Blue Nile,625,,,Entity,
734,ENT_1173,ENT_1173,Nagorno-Karabakh,373,,,Entity,
735,POL_531,POL_531,Unified Communist Party of Nepal,790,,,Political Party,
736,POL_866,POL_866,Terai Madhesh Loktantrik Party,790,,,Political Party,
737,OTH_1258,OTH_1258,Independent,,,,Other,
738,POL_868,POL_868,National Umma Party,625,,,Political Party,
739,OTH_874,OTH_874,Dimasa Student's Union,750,,,Civil Society,
740,OTH_871,OTH_871,Karbi Students Union,750,,,Civil Society,
741,OTH_872,OTH_872,ASDC,750,,,Political Party,
742,OTH_873,OTH_873,North Cachatr Hills Student Federation,750,,,Civil Society,
743,OTH_1175,OTH_1175,Euro-Burma Office,,,,Other,
744,OTH_1176,OTH_1176,Peace-Talk Creation Group,775,,,Other,
745,POL_1284,POL_1284,Arakan National Council,775,,,Political Party,
746,POL_1285,POL_1285,Palaung State Liberation Front,775,,,Political Party,
747,POL_1286,POL_1286,Wa National Organisation,775,,,Political Party,
748,POL_877,POL_877,Arab Baath Socialist Party,652,,,Political Party,
749,POL_878,POL_878,Union of Popular Forces,678,,,Political Party,
750,POL_879,POL_879,Al-Rashad Union,678,,,Political Party,
751,POL_881,POL_881,Unionist Union Party,678,,,Political Party,
752,POL_882,POL_882,Justice and Construction Party,678,,,Political Party,
753,POL_880,POL_880,Popular Unificationist Nasserite Organization,678,,,Political Party,
754,POL_883,POL_883,Patriotic Union of Kurdistan,645,,,Political Party,
755,NGO_1358,NGO_1358,Kaninkon,475,,,Civil Society,
756,NGO_1359,NGO_1359,Fantsuwan,475,,,Civil Society,
757,NGO_1356,NGO_1356,Jaba,475,,,Civil Society,
758,NGO_1349,NGO_1349,Mada,475,,,Civil Society,
759,NGO_1355,NGO_1355,Kuturmi,475,,,Civil Society,
760,NGO_1354,NGO_1354,Moro'a,475,,,Civil Society,
761,NGO_1353,NGO_1353,Kagoro,475,,,Civil Society,
762,NGO_1352,NGO_1352,Atakar,475,,,Civil Society,
763,NGO_1351,NGO_1351,Ayu,475,,,Civil Society,
764,NGO_1350,NGO_1350,Gwandara,475,,,Civil Society,
765,NGO_1348,NGO_1348,Ninzo,475,,,Civil Society,
766,NGO_1357,NGO_1357,Adara,475,,,Civil Society,
767,GOV_1184,GOV_1184,Kachia LGA,475,,,Government/state,
768,GOV_1185,GOV_1185,Kaura LGA,475,,,Government/state,
769,GOV_1186,GOV_1186,Sanga LGA,475,,,Government/state,
770,GOV_1187,GOV_1187,Zangon-Kataf LGA,475,,,Government/state,
771,NGO_1346,NGO_1346,Numana,475,,,Civil Society,
772,NGO_1345,NGO_1345,Atyap,475,,,Civil Society,
773,GOV_1183,GOV_1183,Jema'a LGA,475,,,Government/state,
774,NGO_1344,NGO_1344,Bajju,475,,,Civil Society,
775,NGO_1343,NGO_1343,Fulani,475,,,Civil Society,
776,NGO_1342,NGO_1342,Hausa,475,,,Civil Society,
777,NGO_1341,NGO_1341,Ikulu,475,,,Civil Society,
778,NGO_1340,NGO_1340,Kamantan,475,,,Civil Society,
779,POL_887,POL_887,Rally for the Republic,482,,,Political Party,
780,NGO_885,NGO_885,Coordination des Organizations des Musulmans Centrafricains,,,,Civil Society,
781,POL_886,POL_886,Kwa Na Kwa,482,,,Political Party,
782,POL_888,POL_888,Union for Central African Renewal,482,,,Political Party,
783,IGO_892,IGO_892,United Nations Multidimensional Integrated Stabilization Mission in the Central African Republic (MINUSCA),,,International IGO,International IGO,
784,OTH_895,OTH_895,Front for the Respect of the Constitution,490,,,Civil Society,
785,POL_1325,POL_1325,La Mouvance,438,,,Political Party,
786,OTH_898,OTH_898,Guinea - Opposition Party,438,,,Political Party,
787,NGO_1264,NGO_1264,Eminent Personalities,626,,,Civil Society,
788,NGO_1178,NGO_1178,Balay Mindanaw Foundation Inc.,840,,,Civil Society,
789,ENT_962,ENT_962,Pristina,347,,,Entity,
790,ENT_961,ENT_961,Belgrade,340,,,Entity,
791,OTH_914,OTH_914,Transitional Government,482,,,Government/state,
792,OTH_1326,OTH_1326,National Stakeholders,482,,,Other,
793,POL_916,POL_916,Political Parties Representatives,775,,,Political Party,
794,COA_918,COA_918,Troika Countries,,,,State Coalition,
795,POL_1115,POL_1115,People's Democratic Movement,626,,,Political Party,
796,NGO_1075,NGO_1075,Gender Empowerment for South Sudan Organisation,626,,,Civil Society,
797,NGO_1266,NGO_1266,Business Community Representatives,626,,,Civil Society,
798,NGO_1265,NGO_1265,Academia Representative,626,,,Civil Society,
799,NGO_1263,NGO_1263,Women Coalition,626,,,Civil Society,
800,POL_923,POL_923,United Democratic Party,626,,,Political Party,
801,POL_922,POL_922,United Sudan African Party,626,,,Political Party,
802,POL_920,POL_920,United Democratic Salvation Front,626,,,Political Party,
803,OTH_925,OTH_925,Congress of Syrian National Dialogue,652,,,Other,
804,OTH_927,OTH_927,National Committee Prisoners Affairs & Missing Persons,678,,,Other,
805,OTH_928,OTH_928,Foundation and Representative Prisoners Affairs & Missing Persons of the Arab Coalition ,678,,,Other,
806,CON_930,CON_930,Equatorial Guinea,411,,Country/State,Country/State,
807,OTH_929,OTH_929,High Council of State,620,,,Other,
808,OTH_934,OTH_934,Transitional Military Council,625,,,Government/state,
809,POL_1360,POL_1360,Communist Party of the Philippines,840,,,Political Party,
810,IGO_950,IGO_950,African Union-United Nations Hybrid Operation in Darfur (UNAMID),,,International IGO,International IGO,
811,OTH_952,OTH_952,Bodoland Territorial Council,750,,,Other,
812,OTH_953,OTH_953,United Bodo People's Organization,750,,,Civil Society,
813,NGO_956,NGO_956,Medical Professionals,678,,,Civil Society,
814,POL_957,POL_957,Political Parties Group,775,,,Political Party,
815,OTH_1304,OTH_1304,Sudan Liberation Movement - Transitional Council,625,,,Other,
816,GOV_1301,GOV_1301,Karbi Anglong Autonomous Council,750,,,Government/state,
817,OTH_968,OTH_968,Transitional Sovereignty Council,625,,,Government/state,
818,OTH_969,OTH_969,Libyan Political Dialogue Forum,620,,,Other,
819,NGO_973,NGO_973,ACIAR,490,,,Civil Society,
820,IGO_972,IGO_972,United Nations Organization Stabilization Mission in the Democratic Republic of the Congo (MONUSCO),,,International IGO,International IGO,
821,ENT_970,ENT_970,Ituri,490,,,Entity,
822,OTH_1021,OTH_1021,Group and Village Leaders,490,,,Civil Society,
823,OTH_1020,OTH_1020,Cooperative for Development of the Congo Church,490,,,Civil Society,
824,NGO_977,NGO_977,South Kivu Civil Society,490,,,Civil Society,
825,OTH_981,OTH_981,"Commission for Support of the Community Awareness, Disarmament, Demobilisation and Reintegration Process (CIAP-DDRC)",490,,,Other,
826,OTH_984,OTH_984,SFCG – Consortium Maji ya Amani,490,,,Civil Society,
827,OTH_983,OTH_983,Association for Integrated Community Development (ADCI),490,,,Civil Society,
828,IGO_985,IGO_985,European Free Trade Association,,Europe,Regional IGO,Regional IGO,
829,ENT_986,ENT_986,Autonomous Bougainville Government,910,,,Government/state,
830,COA_988,COA_988,Group of Five for the Sahel,,Africa,,State Coalition,
831,IGO_990,IGO_990,Office of the Special Envoy of the Secretary-General for Yemen (OSESG-Yemen),,,International IGO,International IGO,
832,POL_997,POL_997,Social Democratic Party of Bosnia and Herzegovina,346,,,Political Party,
833,POL_1000,POL_1000,Movement of Democratic Action,346,,,Political Party,
834,POL_999,POL_999,Democratic Front,346,,,Political Party,
835,POL_1003,POL_1003,Alliance of Independent Social Democrats,346,,,Political Party,
836,POL_994,POL_994,People and Justice,346,,,Political Party,
837,POL_996,POL_996,People's European Union of Bosnia and Herzegovina,346,,,Political Party,
838,POL_1002,POL_1002,Independent Bloc,346,,,Political Party,
839,POL_1001,POL_1001,United Srpska,346,,,Political Party,
840,IGO_1006,IGO_1006,European Council,,Europe,Regional IGO,Regional IGO,
841,POL_998,POL_998,Our Party,346,,,Political Party,
842,IGO_1070,IGO_1070,Lake Chad Basin Commission,,Africa,Regional IGO,Regional IGO,
843,OTH_1300,OTH_1300,National Security Service,626,,,Other,
844,OTH_1016,OTH_1016,Elder/Community Leader,626,,,Civil Society,
845,ENT_1103,ENT_1103,Hirshabelle,520,,,Entity,
846,ENT_1102,ENT_1102,South West State,520,,,Entity,
847,ENT_1104,ENT_1104,Banaadir,520,,,Entity,
848,POL_1026,POL_1026,Centrafrique pour nous tous,482,,,Political Party,
849,POL_1027,POL_1027,Truth and Justice,482,,,Political Party,
850,NGO_1032,NGO_1032,Pan-African Union of the Young,482,,,Civil Society,
851,NGO_1034,NGO_1034,Ambassadors of Peace,482,,,Civil Society,
852,NGO_1030,NGO_1030,Bishops of Central African Republic,482,,,Civil Society,
853,NGO_1029,NGO_1029,Islamic Community,482,,,Civil Society,
854,POL_1005,POL_1005,National Party for a New Central Africa,482,,,Political Party,
855,NGO_1028,NGO_1028,Muslim Community,482,,,Civil Society,
856,NGO_1031,NGO_1031,Alliance of the Evangelicals of CAR,482,,,Civil Society,
857,POL_1004,POL_1004,African Party for Radical Transformation and Integration of States,482,,,Political Party,
858,POL_1025,POL_1025,United Hearts Movement,482,,,Political Party,
859,OTH_1072,OTH_1072,Ceasefire Supervisory Board,750,,,Other,
860,OTH_1018,OTH_1018,Committee 7 + 7,626,,,Other,
861,NGO_1012,NGO_1012,Ara Pacis Initiatives for Peace Onlus,325,,,Civil Society,
862,IGO_1118,IGO_1118,East African Community Regional Force,,Africa,Regional IGO,Regional IGO,
863,OTH_1009,OTH_1009,Ad Hoc Joint Action Group,840,,,Other,
864,OTH_1024,OTH_1024,"Office of the Presidential Adviser on Peace, Reconciliation and Unity",840,,,Other,
865,OTH_1071,OTH_1071,Advisory Committee of the Libyan Political Dialogue Forum,620,,,Other,
866,POL_1119,POL_1119,Nationalist Socialist Council of Nagalim/Government of the People's Republic of Nagalim,750,,,Political Party,
867,OTH_1120,OTH_1120,Working Committee of National Naga Political Groups,750,,,Other,
868,NGO_1121,NGO_1121,Naga Civil Society Organisation,750,,,Civil Society,
869,NGO_1122,NGO_1122,Church Forums (Nagaland),750,,,Civil Society,
870,ENT_1099,ENT_1099,Nagaland,750,,,Entity,
871,ENT_1133,ENT_1133,Oromia region,530,,,Entity,
872,IGO_1137,IGO_1137,United Nations Verification and Inspection Commission (UNVIC),,,International IGO,International IGO,
873,NGO_1259,NGO_1259,Trade Union and Professional Associations Representatives,625,,,Civil Society,
